company_name;count
Alan D Rosenburg Cpa Pc;62
Wilhelm, James E Jr;53
Cavuto, John A;26
Bomarko Inc;23
Lutz, Christopher T Esq;21
Owensboro Brick & Tile;21
C G Mccullough Insurance Agcy;21
Chemical Consultants;15
Eagle Newspapers;14
Dworkin, Michael L;14
Practical Periphrals;12
M D & W Railway;12
Levy Security Consultants Ltd;9
Cappello, A Barry Esq;3
Fast Cash;3
Ernest E Heuer & Company Pc;2
Automation Engrg & Mfg Inc;1
Guynes Design Inc;1
Storm Eye Institute;1
Chile Pepper Magazine;1
Flash, Elena Salerno Esq;1
Reliable Yard Service;1
Don Allen & Associates Pa;1
Rotenstreich, H Andrew Esq;1
Simpson, Fred B Esq;1
Mcdonald Service Station;1
