domain;fraction
gmail.com;0.2586
yahoo.com;0.2492
hotmail.com;0.2087
babineaux.co.uk;0.0062
mordhorst.co.uk;0.0062
przybyl.co.uk;0.0062
muns.co.uk;0.0062
alcazar.co.uk;0.0062
teplica.co.uk;0.0031
brace.co.uk;0.0031
torner.co.uk;0.0031
drawe.co.uk;0.0031
yadao.co.uk;0.0031
tauras.co.uk;0.0031
rampy.co.uk;0.0031
gastellum.co.uk;0.0031
ungar.co.uk;0.0031
bassil.co.uk;0.0031
paletta.co.uk;0.0031
kufner.co.uk;0.0031
stifflemire.co.uk;0.0031
mancilla.co.uk;0.0031
moonshower.co.uk;0.0031
spinello.co.uk;0.0031
neufville.co.uk;0.0031
veigel.co.uk;0.0031
growcock.co.uk;0.0031
throssell.co.uk;0.0031
writer.co.uk;0.0031
chisum.co.uk;0.0031
klapec.co.uk;0.0031
filion.co.uk;0.0031
kopczynski.co.uk;0.0031
kham.co.uk;0.0031
damato.co.uk;0.0031
riherd.co.uk;0.0031
piehler.co.uk;0.0031
szpak.co.uk;0.0031
schlichter.co.uk;0.0031
shuhi.co.uk;0.0031
bontemps.co.uk;0.0031
barbone.co.uk;0.0031
paluszynski.co.uk;0.0031
stamps.co.uk;0.0031
jessie.co.uk;0.0031
meenan.co.uk;0.0031
fulda.co.uk;0.0031
abrahams.co.uk;0.0031
akey.co.uk;0.0031
yurich.co.uk;0.0031
mchughes.co.uk;0.0031
nesset.co.uk;0.0031
crete.co.uk;0.0031
maraia.co.uk;0.0031
schurman.co.uk;0.0031
vanhooser.co.uk;0.0031
semrad.co.uk;0.0031
puskarich.co.uk;0.0031
zuehl.co.uk;0.0031
wendorf.co.uk;0.0031
geschke.co.uk;0.0031
reinecke.co.uk;0.0031
polintan.co.uk;0.0031
swaisgood.co.uk;0.0031
pince.co.uk;0.0031
lin.co.uk;0.0031
bleile.co.uk;0.0031
brigham.co.uk;0.0031
chiphe.co.uk;0.0031
ziv.co.uk;0.0031
rempel.co.uk;0.0031
cronholm.co.uk;0.0031
holman.co.uk;0.0031
havely.co.uk;0.0031
claybrooks.co.uk;0.0031
brabble.co.uk;0.0031
belyea.co.uk;0.0031
mccrossin.co.uk;0.0031
meyerhoff.co.uk;0.0031
hopman.co.uk;0.0031
merriam.co.uk;0.0031
setter.co.uk;0.0031
groody.co.uk;0.0031
nahmias.co.uk;0.0031
westad.co.uk;0.0031
whitrock.co.uk;0.0031
matsumura.co.uk;0.0031
jirsa.co.uk;0.0031
marse.co.uk;0.0031
